Kombi_ja_nein_beides;Substanzangabe_aus_OPS-Code;Substanz_fuer_Dosisberechnung_Bezeichnung_engl;Substanz_fuer_Dosisberechnung_UNII-number;Substanz_fuer_Dosisberechnung_ASK-Nr;Substanz_fuer_Dosisberechnung_CAS-Nummer;Subst_genau_Bemerkung;Substanzname_genau_Stoffkatalog;Substanz_genau_Bezeichnung_engl;Substanz_genau_UNII-number;Substanz_genau_ASK-Nr;Substanz_genau_CAS-Nummer;Substanz_allg_engl_INN_oder_sonst;INN_englisch;Substanz_allg_UNII-number;Substanz_allg_ASK-Nr;Substanz_allg_CAS-Nummer;Substanzname_ATC_DIMDI-Liste;ATC-Code;ATC-Code2;ATC-Code3;ATC-Code4;ATC-Code5;Bemerkung_zur_Substanz
n;Abatacept;abatacept;7D0YB67S97;34008;332348-12-6;;Abatacept;abatacept;7D0YB67S97;34008;332348-12-6;abatacept;abatacept;7D0YB67S97;34008;332348-12-6;Abatacept;L04AA24;;;;;
n;Abciximab;abciximab;X85G7936GV;28292;9028-86-8;;Abciximab;abciximab;X85G7936GV;28292;9028-86-8;abciximab;abciximab;X85G7936GV;28292;9028-86-8;Abciximab;B01AC13;;;;;
n;Abirateronacetat;Abiraterone acetate;EM5OCB9YJ6;37290;154229-18-2;Wirkstoff genau ungleich Wirkstoff allgemein. Dosisberechnung bezogen auf genauen Wirkstoff;Abirateronacetat;Abiraterone acetate;EM5OCB9YJ6;37290;154229-18-2;abiraterone;abiraterone;G819A456D0;39929;154229-19-3;Abirateron;L02BX03;;;;;Zulassungsunterlagen: active substance: abiraterone acetate                                                                                                                                                                                                                                           ,deutsch: Abirateronacetat,INN englisch: abiraterone (hat eigene ASK-Nummer und CAS-Nummer)
n;Adalimumab;adalimumab;FYS6T7F842;32277;331731-18-1;;Adalimumab;adalimumab;FYS6T7F842;32277;331731-18-1;adalimumab;adalimumab;FYS6T7F842;32277;331731-18-1;Adalimumab;L04AB04;;;;;
n;Aflibercept;aflibercept;15C2VL427D;35907;862111-32-8;;Aflibercept;aflibercept;15C2VL427D;35907;862111-32-8;aflibercept;aflibercept;15C2VL427D;35907;862111-32-8;Aflibercept;S01LA05;L01XX44;;;;
n;Aldesleukin;aldesleukin;M89N0Q7EQR;23971;110942-02-4;;Aldesleukin;aldesleukin;M89N0Q7EQR;23971;110942-02-4;aldesleukin;aldesleukin;M89N0Q7EQR;23971;110942-02-4;Aldesleukin;L03AC01;;;;;
n;Alectinib;alectinib;LIJ4CT1Z3Y;42089;1256580-46-7;Wirkstoff genau ungleich Wirkstoff allgemein. Dosisberechnung bezogen auf allgemeinen Wirkstoff;Alectinibhydrochlorid;Alectinib hydrochloride;P9YY73LO6J;41373;1256589-74-8;alectinib;alectinib;LIJ4CT1Z3Y;42089;1256580-46-7;;L01XE36;;;;;
n;Alemtuzumab;alemtuzumab;3A189DH42V;31984;216503-57-0;;Alemtuzumab;alemtuzumab;3A189DH42V;31984;216503-57-0;alemtuzumab;alemtuzumab;3A189DH42V;31984;216503-57-0;Alemtuzumab;L01XC04;L04AA34;;;;
n;Alglucosidase alfa;alglucosidase alfa;DTI67O9503;34009;420784-05-0;;Alglucosidase alfa;alglucosidase alfa;DTI67O9503;34009;420784-05-0;alglucosidase alfa;alglucosidase alfa;DTI67O9503;34009;420784-05-0;Alglucosidase alfa;A16AB07;;;;;
n;Ambrisentan;ambrisentan;HW6NV07QEC;30792;177036-94-1;;Ambrisentan;ambrisentan;HW6NV07QEC;30792;177036-94-1;ambrisentan;ambrisentan;HW6NV07QEC;30792;177036-94-1;Ambrisentan;C02KX02;;;;;
n;Amphotericin-B-Lipidkomplex oder liposomalem Amphotericin B;amphotericin B;7XU7A7DROE;456;1397-89-3;;Amphotericin B;amphotericin B;7XU7A7DROE;456;1397-89-3;amphotericin B;amphotericin B;7XU7A7DROE;456;1397-89-3;Amphotericin B;G01AA03;J02AA01;D01AA10;A01AB04;A07AA07;
n;Anidulafungin;anidulafungin;9HLM53094I;29895;166663-25-8;;Anidulafungin;anidulafungin;9HLM53094I;29895;166663-25-8;anidulafungin;anidulafungin;9HLM53094I;29895;166663-25-8;Anidulafungin;J02AX06;;;;;
n;Asfotase alfa;asfotase alfa;Z633861EIM;42262;1174277-80-5;;Asfotase alfa;asfotase alfa;Z633861EIM;42262;1174277-80-5;asfotase alfa;asfotase alfa;Z633861EIM;42262;1174277-80-5;Asfotase alfa;A16AB13;;;;;
n;Atezolizumab;atezolizumab;52CMI0WC3Y;42644;1380723-44-3;;Atezolizumab;atezolizumab;52CMI0WC3Y;42644;1380723-44-3;atezolizumab;atezolizumab;52CMI0WC3Y;42644;1380723-44-3;;L01XC32;;;;;
n;Avelumab;avelumab;KXG2PJ551I;42710;1537032-82-8;;Avelumab;avelumab;KXG2PJ551I;42710;1537032-82-8;avelumab;avelumab;KXG2PJ551I;42710;1537032-82-8;;L01XC31;;;;;
n;Axitinib;axitinib;C9LVQ0YUXG;33282;319460-85-0;;Axitinib;axitinib;C9LVQ0YUXG;33282;319460-85-0;axitinib;axitinib;C9LVQ0YUXG;33282;319460-85-0;Axitinib;L01XE17;;;;;
n;Azacytidin;azacitidine;M801H13NRU;33486;320-67-2;;Azacitidin;azacitidine;M801H13NRU;33486;320-67-2;azacitidine;azacitidine;M801H13NRU;33486;320-67-2;Azacitidin;L01BC07;;;;;"Bei der Schreibweise ""Azacytidin"" im OPS handelet es sich wohl um einen Schreibfehler. INN englisch: Azacitidine, INN deutsch und Stoffkatalog: Azacitidin"
n;Belimumab;belimumab;73B0K5S26A;33396;356547-88-1;;Belimumab;belimumab;73B0K5S26A;33396;356547-88-1;belimumab;belimumab;73B0K5S26A;33396;356547-88-1;Belimumab;L04AA26;;;;;forced UNII
n;Bevacizumab;bevacizumab;2S9ZZM9Q9V;33758;216974-75-3;;Bevacizumab;bevacizumab;2S9ZZM9Q9V;33758;216974-75-3;bevacizumab;bevacizumab;2S9ZZM9Q9V;33758;216974-75-3;Bevacizumab;L01XC07;;;;;
n;Bivalirudin;bivalirudin;TN9BEX005G;29863;128270-60-0;;Bivalirudin;bivalirudin;TN9BEX005G;29863;128270-60-0;bivalirudin;bivalirudin;TN9BEX005G;29863;128270-60-0;Bivalirudin;B01AE06;;;;;
n;Blinatumomab;blinatumomab;4FR53SIF3A;37361;853426-35-4;;Blinatumomab ((MW(Protein)=54086 Da));blinatumomab;4FR53SIF3A;37361;853426-35-4;blinatumomab;blinatumomab;4FR53SIF3A;37361;853426-35-4;Blinatumomab;L01XC19;;;;;
n;Bortezomib;bortezomib;69G8BD63PP;32358;179324-69-7;;Bortezomib;bortezomib;69G8BD63PP;32358;179324-69-7;bortezomib;bortezomib;69G8BD63PP;32358;179324-69-7;Bortezomib;L01XX32;;;;;
n;Bosentan;bosentan;Q326023R30;27537;147536-97-8;;Bosentan;bosentan;Q326023R30;27537;147536-97-8;bosentan;bosentan;Q326023R30;27537;147536-97-8;Bosentan;C02KX01;;;;;
n;Bosutinib;bosutinib;5018V4AEZ0;35615;380843-75-4;;Bosutinib;bosutinib;5018V4AEZ0;35615;380843-75-4;bosutinib;bosutinib;5018V4AEZ0;35615;380843-75-4;Bosutinib;L01XE14;;;;;
n;Brentuximabvedotin;brentuximab vedotin;7XL5ISS668;39958;914088-09-8;;Brentuximabvedotin;brentuximab vedotin;7XL5ISS668;39958;914088-09-8;brentuximab vedotin;brentuximab vedotin;7XL5ISS668;39958;914088-09-8;Brentuximab vedotin;L01XC12;;;;;INN englisch: brentuximab vedotin
n;Brodalumab;brodalumab;6ZA31Y954Z;39997;1174395-19-7;;Brodalumab;brodalumab;6ZA31Y954Z;39997;1174395-19-7;brodalumab;brodalumab;6ZA31Y954Z;39997;1174395-19-7;;L04AC12;;;;;
n;Busulfan;busulfan;G1LN9045DK;4529;55-98-1;;Busulfan;busulfan;G1LN9045DK;4529;55-98-1;busulfan;busulfan;G1LN9045DK;4529;55-98-1;Busulfan;L01AB01;;;;;
n;Cabazitaxel;cabazitaxel;51F690397J;32350;183133-96-2;;Cabazitaxel;cabazitaxel;51F690397J;32350;183133-96-2;cabazitaxel;cabazitaxel;51F690397J;32350;183133-96-2;Cabazitaxel;L01CD04;;;;;
n;Cabozantinib;cabozantinib;1C39JW444G;39998;849217-68-1;;Cabozantinib;cabozantinib;1C39JW444G;39998;849217-68-1;cabozantinib;cabozantinib;1C39JW444G;39998;849217-68-1;Cabozantinib;L01XE26;;;;;
n;Canakinumab;canakinumab;37CQ2C7X93;36938;914613-48-2;;Canakinumab;canakinumab;37CQ2C7X93;36938;914613-48-2;canakinumab;canakinumab;37CQ2C7X93;36938;914613-48-2;Canakinumab;L04AC08;;;;;forced unii
n;Carfilzomib;carfilzomib;72X6E3J5AR;36895;868540-17-4;;Carfilzomib;carfilzomib;72X6E3J5AR;36895;868540-17-4;carfilzomib;carfilzomib;72X6E3J5AR;36895;868540-17-4;Carfilzomib;L01XX45;;;;;
n;Carmustin;carmustine;U68WG3173Y;13136;154-93-8;;Carmustin;carmustine;U68WG3173Y;13136;154-93-8;carmustine;carmustine;U68WG3173Y;13136;154-93-8;Carmustin;L01AD01;;;;;
n;Caspofungin;caspofungin;F0XDI6ZL63;29672;162808-62-0;;Caspofungin;caspofungin;F0XDI6ZL63;29672;162808-62-0;caspofungin;caspofungin;F0XDI6ZL63;29672;162808-62-0;Caspofungin;J02AX04;;;;;
n;Catumaxomab;catumaxomab;M2HPV837HO;34784;509077-98-9;;Catumaxomab;catumaxomab;M2HPV837HO;34784;509077-98-9;catumaxomab;catumaxomab;M2HPV837HO;34784;509077-98-9;Catumaxomab;L01XC09;;;;;
n;Ceritinib;ceritinib;K418KG2GET;41827;1032900-25-6;;Ceritinib;ceritinib;K418KG2GET;41827;1032900-25-6;ceritinib;ceritinib;K418KG2GET;41827;1032900-25-6;Ceritinib;L01XE28;;;;;
n;Certolizumab;certolizumab pegol;UMD07X179E;33836;428863-50-7;;Certolizumabpegol;certolizumab pegol;UMD07X179E;33836;428863-50-7;certolizumab pegol;certolizumab pegol;UMD07X179E;33836;428863-50-7;Certolizumab pegol;L04AB05;;;;;CHECK: INN nur:  Certolizumab pegol, aber es gibt zwei UNII (mit gleichem CAS): für certolizumab: G6ADW90R16, CAS:  428863-50-7 -- und für certolizumab pegol: UMD07X179E, CAS:  428863-50-7 
n;Cetuximab;cetuximab;PQX0D8J21J;33093;205923-56-4;;Cetuximab;cetuximab;PQX0D8J21J;33093;205923-56-4;cetuximab;cetuximab;PQX0D8J21J;33093;205923-56-4;Cetuximab;L01XC06;;;;;
n;Cladribin;cladribine;47M74X9YT5;27050;4291-63-8;;Cladribin;cladribine;47M74X9YT5;27050;4291-63-8;cladribine;cladribine;47M74X9YT5;27050;4291-63-8;;L01BB04;L04AA40;;;;Im G-SRS auch  CLADRIBINE 5'-MONOPHOSPHATE und CLADRIBINE 5'-MONOPHOSPHATE DIAMMONIUM
n;Clofarabin;clofarabine;762RDY0Y2H;33756;123318-82-1;;Clofarabin;clofarabine;762RDY0Y2H;33756;123318-82-1;clofarabine;clofarabine;762RDY0Y2H;33756;123318-82-1;Clofarabin;L01BB06;;;;;
n;Cobimetinib;cobimetinib;ER29L26N1X;41213;934660-93-2;;Cobimetinib;cobimetinib;ER29L26N1X;41213;934660-93-2;cobimetinib;cobimetinib;ER29L26N1X;41213;934660-93-2;Cobimetinib;L01XE38;;;;;
n;Erwinase oder L-Asparaginase aus Erwinia chrysanthemi ;crisantaspase;D733ET3F9O;3984;1349719-22-7;;Crisantaspase;crisantaspase;D733ET3F9O;3984;1349719-22-7;crisantaspase;crisantaspase;D733ET3F9O;3984;1349719-22-7;Asparaginase;L01XX02;;;;;"Angabe aus Arzneimittelgebrauchsinformation: ""Crisantaspase (L-Asparaginase aus Erwinia chrysanthemi)"""
n;Crizotinib;crizotinib;53AH36668S;ND;877399-52-5;;Crizotinib;crizotinib;53AH36668S;ND;877399-52-5;crizotinib;crizotinib;53AH36668S;ND;877399-52-5;Crizotinib;L01XE16;;;;;Substanz steht nicht im Stoffkatalog, gefunden im UNII-Katalog USA. Deshalb nur CAS-Nummer.
n;liposomalem Cytarabin;cytarabine;04079A1RDZ;4666;147-94-4;;Cytarabin;cytarabine;04079A1RDZ;4666;147-94-4;cytarabine;cytarabine;04079A1RDZ;4666;147-94-4;Cytarabin;L01BC01;;;;;
n;Dabrafenib;dabrafenib;QGP4HA4G1B;39605;1195765-45-7;;Dabrafenib;dabrafenib;QGP4HA4G1B;39605;1195765-45-7;dabrafenib;dabrafenib;QGP4HA4G1B;39605;1195765-45-7;Dabrafenib;L01XE23;;;;;
n;Daclatasvir;daclatasvir;LI2427F9CI;39603;1009119-64-5;;Daclatasvir;daclatasvir;LI2427F9CI;39603;1009119-64-5;daclatasvir;daclatasvir;LI2427F9CI;39603;1009119-64-5;Daclatasvir;J05AP07;;;;;
n;Daclizumab;daclizumab;CUJ2MVI71Y;29202;152923-56-3;;Daclizumab;daclizumab;CUJ2MVI71Y;29202;152923-56-3;daclizumab;daclizumab;CUJ2MVI71Y;29202;152923-56-3;Daclizumab;L04AC01;;;;;
n;Daratumumab;daratumumab;4Z63YK6E0E;42515;945721-28-8;;Daratumumab;daratumumab;4Z63YK6E0E;42515;945721-28-8;daratumumab;daratumumab;4Z63YK6E0E;42515;945721-28-8;Daratumumab;L01XC24;;;;;
k;Dasabuvir-Ombitasvir-Paritaprevir-Ritonavir;dasabuvir;DE54EQW8T1;43006;1132935-63-7;Wirkstoff genau ungleich Wirkstoff allgemein. Bezug Dosisberechnung unbekannt da nicht mehr im Handel. Vorschlag Bezug auf allgemeinen Wirkstoff.;Dasabuvirmononatirum  ;Dasabuvir sodium monohydrate;OG6D40M62L;43008;1456607-55-8;dasabuvir;dasabuvir;DE54EQW8T1;43006;1132935-63-7;Dasabuvir, Ombitasvir, Paritaprevir und Ritonavir;J05AP52;;;;;gemäss Zulassungsunterlagen (EU): active substance: dasabuvir sodium, ombitasvir, paritaprevir, ritonavir, gemäss AMIS nur dasabuvir
n;Dasatinib;dasatinib;RBZ1571X5H;34199;302962-49-8;;Dasatinib;dasatinib;RBZ1571X5H;34199;302962-49-8;dasatinib;dasatinib;RBZ1571X5H;34199;302962-49-8;Dasatinib;L01XE06;;;;;
n;Decitabine;decitabine;776B62CQ27;23839;2353-33-5;;Decitabin;decitabine;776B62CQ27;23839;2353-33-5;decitabine;decitabine;776B62CQ27;23839;2353-33-5;Decitabin;L01BC08;;;;;INN engl: Decitabine, INN deutsch: Decitabin
n;Defibrotid;defibrotide;L7CHH2B2J0;24110;83712-60-1;;Defibrotid;defibrotide;L7CHH2B2J0;24110;83712-60-1;defibrotide;defibrotide;L7CHH2B2J0;24110;83712-60-1;Defibrotid;B01AX01;;;;;
n;Denileukin Diftitox;denileukin diftitox;25E79B5CTM;30963;173146-27-5;;Denileukindiftitox;denileukin diftitox;25E79B5CTM;30963;173146-27-5;denileukin diftitox;denileukin diftitox;25E79B5CTM;30963;173146-27-5;Denileukindiftitox;L01XX29;;;;;
n;Dexrazoxan;dexrazoxane;048L81261F;26073;24584-09-6;;Dexrazoxan;dexrazoxane;048L81261F;26073;24584-09-6;dexrazoxane;dexrazoxane;048L81261F;26073;24584-09-6;Dexrazoxan;V03AF02;;;;;
n;Dibotermin alfa;dibotermin alfa;T472P45MG6;27264;246539-15-1;;Dibotermin alfa;dibotermin alfa;T472P45MG6;27264;246539-15-1;dibotermin alfa;dibotermin alfa;T472P45MG6;27264;246539-15-1;Dibotermin alfa;M05BC01;;;;;
n;Dinutuximab beta;dinutuximab beta;7SQY4ZUD30 (für dinutuximab);42720;1613303-02-8;;Dinutuximab beta;dinutuximab beta;7SQY4ZUD30 (für dinutuximab);42720;1613303-02-8;dinutuximab beta;dinutuximab beta;7SQY4ZUD30 (für dinutuximab);42720;1613303-02-8;Dinutuximab beta;L01XC16;;;;;Kein eigener Eintrag in UNII-Liste, in G-SRS nur unter der Bezeichnung Dinutuximab, mit zwei CAS-Nummern
n;Docetaxel;docetaxel;15H5577CQD;26819;114977-28-5;;Docetaxel;docetaxel;15H5577CQD;26819;114977-28-5;docetaxel;docetaxel;15H5577CQD;26819;114977-28-5;Docetaxel;L01CD02;;;;;
n;liposomalem Doxorubicin;doxorubicin hydrochloride;82F2G7BL4E;6460;25316-40-9;Wirkstoff genau ungleich Wirkstoff allgemein. Dosisberechnung bezogen auf genauen Wirkstoff;Doxorubicinhydrochlorid;doxorubicin hydrochloride;82F2G7BL4E;6460;25316-40-9;doxorubicin;doxorubicin;80168379AG;6459;23214-92-8;Doxorubicin;L01DB01;;;;;"Achtung: INN: doxorubicin, active subtance: doxorubicin hydrochloride, Doxorubicin hat andere ASK- und CAS-Nummer! ---aus Zulassungsunterlagen: …Composition: ...Liposome–encapsulated doxorubicin–citrate complex corresponding to 50 mg doxorubicin hydrochloride (HCl)…"""
n;Dupilumab;dupilumab;420K487FSG;42098;1190264-60-8;;Dupilumab;dupilumab;420K487FSG;42098;1190264-60-8;dupilumab;dupilumab;420K487FSG;42098;1190264-60-8;;D11AH05;;;;;
n;Eculizumab;eculizumab;A3ULP0F556;32818;219685-50-4;;Eculizumab;eculizumab;A3ULP0F556;32818;219685-50-4;eculizumab;eculizumab;A3ULP0F556;32818;219685-50-4;Eculizumab;L04AA25;;;;;
n;Elbasvir-Grazoprevir;elbasvir;632L571YDK;42449;1370468-36-2;;Elbasvir;elbasvir;632L571YDK;42449;1370468-36-2;elbasvir;elbasvir;632L571YDK;42449;1370468-36-2;Elbasvir und Grazoprevir;J05AP54;;;;;
n;Elotuzumab;elotuzumab;1351PE5UGS;37369;915296-00-3;;Elotuzumab;elotuzumab;1351PE5UGS;37369;915296-00-3;elotuzumab;elotuzumab;1351PE5UGS;37369;915296-00-3;Elotuzumab;L01XC23;;;;;"Der Substanzname steht mit der Bezeichnung ""Elotuzumab ((MW(Protein)=145452 Da))"" im Stoffkatalog, wohl ein Schreibfehler"
n;Eltrombopag;eltrombopag;S56D65XJ9G;34472;496775-61-2;;Eltrombopag;eltrombopag;S56D65XJ9G;34472;496775-61-2;eltrombopag;eltrombopag;S56D65XJ9G;34472;496775-61-2;Eltrombopag;B02BX05;;;;;
n;Enzalutamid;enzalutamide;93T0T9GKNU;39787;915087-33-1;;Enzalutamid;enzalutamide;93T0T9GKNU;39787;915087-33-1;enzalutamide;enzalutamide;93T0T9GKNU;39787;915087-33-1;Enzalutamid;L02BB04;;;;;
n;Eptifibatid;eptifibatide;NA8320J834;28866;188627-80-7;;Eptifibatid;eptifibatide;NA8320J834;28866;188627-80-7;eptifibatide;eptifibatide;NA8320J834;28866;188627-80-7;Eptifibatid;B01AC16;;;;;
n;Eptotermin alfa;eptotermin alfa;IT063R5MY0;33553;129805-33-0;;Eptotermin alfa;eptotermin alfa;IT063R5MY0;33553;129805-33-0;eptotermin alfa;eptotermin alfa;IT063R5MY0;33553;129805-33-0;Eptotermin alfa;M05BC02;;;;;CAS-Nummer im ASK-Katalog: 0-00-0, bei UNII (USA) Angabe zur CAS-Nummer: 129805-33-0
n;Eribulin;eribulin;LR24G6354G;34925;253128-41-5;;Eribulin;eribulin;LR24G6354G;34925;253128-41-5;eribulin;eribulin;LR24G6354G;34925;253128-41-5;Eribulin;L01XX41;;;;;
n;Etanercept;etanercept;OP401G7OJC;29835;185243-69-0;;Etanercept;etanercept;OP401G7OJC;29835;185243-69-0;etanercept;etanercept;OP401G7OJC;29835;185243-69-0;Etanercept;L04AB01;;;;;
n;Everolimus;everolimus;9HW64Q8G6G;29196;159351-69-6;;Everolimus;everolimus;9HW64Q8G6G;29196;159351-69-6;everolimus;everolimus;9HW64Q8G6G;29196;159351-69-6;Everolimus;L01XE10;L04AA18;;;;
n;Filgrastim;filgrastim;PVI5M0M1GW;24655;121181-53-1;;Filgrastim;filgrastim;PVI5M0M1GW;24655;121181-53-1;filgrastim;filgrastim;PVI5M0M1GW;24655;121181-53-1;Filgrastim;L03AA02;;;;;
n;Gemcitabin;gemcitabine;B76N6SBZ8R;26094;95058-81-4;Wirkstoff genau ungleich Wirkstoff allgemein. Dosisberechnung bezogen auf allgemeinen Wirkstoff;Gemcitabinhydrochlorid;gemcitabine hydrochloride;U347PV74IL;27608;122111-03-9;gemcitabine;gemcitabine;B76N6SBZ8R;26094;95058-81-4;Gemcitabin;L01BC05;;;;;
n;Gemtuzumab Ozogamicin;gemtuzumab ozogamicin;8GZG754X6M;31640;220578-59-6;;;gemtuzumab ozogamicin;8GZG754X6M;31640;220578-59-6;gemtuzumab ozogamicin;gemtuzumab ozogamicin;8GZG754X6M;31640;220578-59-6;Gemtuzumab ozogamicin;L01XC05;;;;;das ist eine Substanz (Protein?) obwohl es wie ein Kombi aussieht
n;Glecaprevir-Pibrentasvir;glecaprevir;K6BUU8J72P;43168;1365970-03-1;;Glecaprevir;glecaprevir;K6BUU8J72P;43168;1365970-03-1;glecaprevir;glecaprevir;K6BUU8J72P;43168;1365970-03-1;Glecaprevir und Pibrentasvir;J05AP57;;;;;CHECK, im G-SRS auch GLECAPREVIR METABOLITE M7  und GLECAPREVIR METABOLITE M2 (ohne CAS etc.), im ASK auch Glecaprevir  x H<sub>2</sub>O un d
n;Golimumab;golimumab;91X1KLU43E;33979;476181-74-5;;Golimumab;golimumab;91X1KLU43E;33979;476181-74-5;golimumab;golimumab;91X1KLU43E;33979;476181-74-5;Golimumab;L04AB06;;;;;
k;Grazoprevir;grazoprevir;4O2AB118LA;39566;1350514-68-9;;;grazoprevir;4O2AB118LA;39566;1350514-68-9;grazoprevir;grazoprevir;4O2AB118LA;39566;1350514-68-9;;;;;;;in G-SRS mit anderer CAS-Nummer ( 1350462-55-3)  als in ASK-Liste (1350514-68-9 und andere aufgelistet). Die CAS-Nummer 1350514-68-9 gehört in G-SRS zu GRAZOPREVIR ANHYDROUS (UNII-Nr.: 8YE81R1X1J)
n;Guselkumab;guselkumab;089658A12D;42389;1350289-85-8;;Guselkumab;guselkumab;089658A12D;42389;1350289-85-8;guselkumab;guselkumab;089658A12D;42389;1350289-85-8;;L04AC16;;;;;
n;Y-Ibritumomab-Tiuxetan;ibritumomab tiuxetan;4Q52C550XK;33635;206181-63-7;;Ibritumomab-Tiuxetan;ibritumomab tiuxetan;4Q52C550XK;33635;206181-63-7;ibritumomab tiuxetan;ibritumomab tiuxetan;4Q52C550XK;33635;206181-63-7;[90Y]Ibritumomabtiuxetan;V10XX02;;;;;"Hinweis aus den Zulassungsunterlagen: ""active subtance: ibritumomab tiuxetan ... composition: Zevalin is supplied as a kit for the preparation of yttrium-90 radiolabelled ibritumomab tiuxetan.""  yttrium-90 radiolabelled ibritumomab tiuxetan hat eine eigene ASK-Nr. , diese wurde hier aber nicht gewählt, da diese Substanz erst bei der Anwendung entsteht."
n;Ibrutinib;ibrutinib;1X70OSD4VX;42035;936563-96-1;;Ibrutinib;ibrutinib;1X70OSD4VX;42035;936563-96-1;ibrutinib;ibrutinib;1X70OSD4VX;42035;936563-96-1;Ibrutinib;L01XE27;;;;;
n;Icatibant;icatibant;7PG89G35Q7;26732;130308-48-4;;Icatibant;icatibant;7PG89G35Q7;26732;130308-48-4;icatibant;icatibant;7PG89G35Q7;26732;130308-48-4;Icatibant;B06AC02;;;;;
n;Idarucizumab;idarucizumab;97RWB5S1U6;42390;1362509-93-0;;Idarucizumab;idarucizumab;97RWB5S1U6;42390;1362509-93-0;idarucizumab;idarucizumab;97RWB5S1U6;42390;1362509-93-0;Idarucizumab;V03AB37;;;;;
n;Idelalisib;idelalisib;YG57I8T5M0;41170;870281-82-6;;Idelalisib;idelalisib;YG57I8T5M0;41170;870281-82-6;idelalisib;idelalisib;YG57I8T5M0;41170;870281-82-6;Idelalisib;L01XX47;;;;;
n;Imatinib;imatinib;BKJ8M8G5HI;30738;152459-95-5;;Imatinib;imatinib;BKJ8M8G5HI;30738;152459-95-5;imatinib;imatinib;BKJ8M8G5HI;30738;152459-95-5;Imatinib;L01XE01;;;;;
n;Imiglucerase;imiglucerase;Q6U6J48BWY;29124;154248-97-2;;Imiglucerase;imiglucerase;Q6U6J48BWY;29124;154248-97-2;imiglucerase;imiglucerase;Q6U6J48BWY;29124;154248-97-2;Imiglucerase;A16AB02;;;;;
n;Infliximab;infliximab;B72HH48FLU;30176;170277-31-3;;Infliximab;infliximab;B72HH48FLU;30176;170277-31-3;infliximab;infliximab;B72HH48FLU;30176;170277-31-3;Infliximab;L04AB02;;;;;
check;Inotuzumab-Ozogamicin;inotuzumab ozogamicin;P93RUU11P7;34428;635715-01-4;;Inotuzumabozogamicin;inotuzumab ozogamicin;P93RUU11P7;34428;635715-01-4;inotuzumab ozogamicin;inotuzumab ozogamicin;P93RUU11P7;34428;635715-01-4;;L01XC26;;;;;Es gibt im G-SRS auch die Einzelsubstanz Inotuzumab, aber nicht im ASK
n;Jod-131-Metajodobenzylguanidin oder MIBG;iobenguane (131I);Q461L7AK4R;22203;77679-27-7;;Iobenguan131 I ;iobenguane (131I);Q461L7AK4R;22203;77679-27-7;iobenguane (131I);iobenguane (131I);Q461L7AK4R;22203;77679-27-7;Iobenguan[131I];V10XA02;;;;;"INN (L27 von 1987): Iobenguan131 I , definiert als  (m-iodo-131-I)benzylguanidin, in der Stoffliste steht auch bzw. 1-[(3-(<sup>1</sup><sup>3</sup><sup>1</sup>I)Iodphenyl)methyl]guanidin bzw. 1-(3-((131)I)Iodbenzyl)guanidin,--- Wikipedia:  "" …. Iobenguane, also known as metaiodobenzylguanidine or mIBG, or MIBG (tradename Adreview)..."" G-SRS: andere Name auch:, unter anderem I-131 METAIODOBENZYLGUANIDINE, 131 I-MIBG"
n;Ipilimumab;ipilimumab;6T8C155666;35632;477202-00-9;;Ipilimumab;ipilimumab;6T8C155666;35632;477202-00-9;ipilimumab;ipilimumab;6T8C155666;35632;477202-00-9;Ipilimumab;L01XC11;;;;;
n;liposomalem Irinotecan;Irinotecan hydrochloride trihydrate;042LAQ1IIS;28859;136572-09-3;Wirkstoff genau ungleich Wirkstoff allgemein. Dosisberechnung bezogen auf genauen Wirkstoff;Irinotecanhydrochlorid  3 H<sub>2</sub>O;Irinotecan hydrochloride trihydrate;042LAQ1IIS;28859;136572-09-3;irinotecan;irinotecan;7673326042;27958;97682-44-5;Irinotecan;L01XX19;;;;;"ACHTUNG:  Laut EU-Zulassungsunterlagen (Onivyde) handelt es sich bei ""liposomalem Irinothecan"" um die active Substanz ""irinotecan hydrochloride trihydrate""  (ASK-Nr.: 28859, Cas-Nr.: 136572-09-3, vgl. Irinotecan alleine hat ASK-Nr.: 27958, Cas-Nr.: 97682-44-5)"
n;Isavuconazol;isavuconazole;60UTO373KE;36050;241479-67-4;;Isavuconazol;isavuconazole;60UTO373KE;36050;241479-67-4;isavuconazole;isavuconazole;60UTO373KE;36050;241479-67-4;Isavuconazol;J02AC05;;;;;
n;Itraconazol;itraconazole;304NUG5GF4;23401;84625-61-6;;Itraconazol;itraconazole;304NUG5GF4;23401;84625-61-6;itraconazole;itraconazole;304NUG5GF4;23401;84625-61-6;Itraconazol;J02AC02;;;;;Im G-SRS zwei Einträge für CAS-Nummern: 84625-61-6 Primary und 84604-65-9 (Alternative)
n;Ivacaftor;ivacaftor;1Y740ILL1Z;9284;873054-44-5;;Ivacaftor;ivacaftor;1Y740ILL1Z;9284;873054-44-5;ivacaftor;ivacaftor;1Y740ILL1Z;9284;873054-44-5;Ivacaftor;R07AX02;;;;;
n;Ixabepilon;ixabepilone;K27005NP0A;31797;219989-84-1;;Ixabepilon;ixabepilone;K27005NP0A;31797;219989-84-1;ixabepilone;ixabepilone;K27005NP0A;31797;219989-84-1;Ixabepilon;L01DC04;;;;;
n;Ixazomib;ixazomib;71050168A2;41337;1072833-77-2;Wirkstoff genau ungleich Wirkstoff allgemein. Dosisberechnung bezogen auf allgemeinen Wirkstoff;Ixazomib citrate;ixazomib citrate;46CWK97Z3K;41339;1239908-20-3;ixazomib;ixazomib;71050168A2;41337;1072833-77-2;Ixazomib;L01XX50;;;;;
n;Ixekizumab;ixekizumab;BTY153760O;42229;1143503-69-8;;Ixekizumab;ixekizumab;BTY153760O;42229;1143503-69-8;ixekizumab;ixekizumab;BTY153760O;42229;1143503-69-8;;L04AC13;;;;;
n;Laronidase;laronidase;WP58SVM6R4;32246;210589-09-6;;Laronidase;laronidase;WP58SVM6R4;32246;210589-09-6;laronidase;laronidase;WP58SVM6R4;32246;210589-09-6;Laronidase;A16AB05;;;;;
n;Ledipasvir-Sofosbuvir;ledipasvir;013TE6E4WV;41179;1256388-51-8;;Ledipasvir;ledipasvir;013TE6E4WV;41179;1256388-51-8;ledipasvir;ledipasvir;013TE6E4WV;41179;1256388-51-8;Sofosbuvir und Ledipasvir;J05AP51;;;;;
n;Lenalidomid;lenalidomide;F0P408N6V4;32806;191732-72-6;;Lenalidomid;lenalidomide;F0P408N6V4;32806;191732-72-6;lenalidomide;lenalidomide;F0P408N6V4;32806;191732-72-6;Lenalidomid;L04AX04;;;;;
n;Lenograstim;lenograstim;6WS4C399GB;26855;135968-09-1;;Lenograstim;lenograstim;6WS4C399GB;26855;135968-09-1;lenograstim;lenograstim;6WS4C399GB;26855;135968-09-1;Lenograstim;L03AA10;;;;;
n;Lenvatinib;lenvatinib;EE083865G2;42282;417716-92-8;;Lenvatinib;lenvatinib;EE083865G2;42282;417716-92-8;lenvatinib;lenvatinib;EE083865G2;42282;417716-92-8;Lenvatinib;L01XE29;;;;;
n;Levosimendan;levosimendan;C6T4514L4E;27286;141505-33-1;;Levosimendan;levosimendan;C6T4514L4E;27286;141505-33-1;levosimendan;levosimendan;C6T4514L4E;27286;141505-33-1;Levosimendan;C01CX08;;;;;
n;Lipegfilgrastim;lipegfilgrastim;4AWF0N6QV3;37528;1117844-87-7;;Lipegfilgrastim;lipegfilgrastim;4AWF0N6QV3;37528;1117844-87-7;lipegfilgrastim;lipegfilgrastim;4AWF0N6QV3;37528;1117844-87-7;Lipegfilgrastim;L03AA14;;;;;
n;Lumacaftor-Ivacaftor;lumacaftor;EGP8L81APK;37447;936727-05-8;;Lumacaftor;lumacaftor;EGP8L81APK;37447;936727-05-8;lumacaftor;lumacaftor;EGP8L81APK;37447;936727-05-8;Ivacaftor und Lumacaftor;R07AX30;;;;;
n;Macitentan;macitentan;Z9K9Y9WMVL;34245;441798-33-0;;Macitentan;macitentan;Z9K9Y9WMVL;34245;441798-33-0;macitentan;macitentan;Z9K9Y9WMVL;34245;441798-33-0;Macitentan;C02KX04;;;;;
n;Micafungin;micafungin;R10H71BSWG;32400;235114-32-6;;Micafungin;micafungin;R10H71BSWG;32400;235114-32-6;micafungin;micafungin;R10H71BSWG;32400;235114-32-6;Micafungin;J02AX05;;;;;
n;Midostaurin;midostaurin;;30170;120685-11-2;;Midostaurin;midostaurin;;30170;120685-11-2;midostaurin;midostaurin;;30170;120685-11-2;;L01XE39;;;;;
n;Mifamurtid;mifamurtide;1LM890Q4FY;24997;83461-56-7;;Mifamurtid;mifamurtide;1LM890Q4FY;24997;83461-56-7;mifamurtide;mifamurtide;1LM890Q4FY;24997;83461-56-7;Mifamurtid;L03AX15;;;;;in G-SRS andere CAS-Nummer als in ASK-Liste. CAS: 83461-56-7 (G-SRS= mifamurtide acid, ASK: Mifamurtid),  CAS:  838853-48-8 (G-SRS= mifamurtide, ASK: nicht gefunden)
n;Migalastat;migalastat;C4XNY919FW;35938;108147-54-2;;Migalastat;migalastat;C4XNY919FW;35938;108147-54-2;migalastat;migalastat;C4XNY919FW;35938;108147-54-2;Migalastat;A16AX14;;;;;
n;Miglustat;miglustat;ADN3S497AZ;31908;72599-27-0;;Miglustat;miglustat;ADN3S497AZ;31908;72599-27-0;miglustat;miglustat;ADN3S497AZ;31908;72599-27-0;Miglustat;A16AX06;;;;;
n;Natalizumab;natalizumab;3JB47N2Q2P;30775;189261-10-7;;Natalizumab;natalizumab;3JB47N2Q2P;30775;189261-10-7;natalizumab;natalizumab;3JB47N2Q2P;30775;189261-10-7;Natalizumab;L04AA23;;;;;
n;Necitumumab;necitumumab;2BT4C47RUI;37389;906805-06-9;;Necitumumab;necitumumab;2BT4C47RUI;37389;906805-06-9;necitumumab;necitumumab;2BT4C47RUI;37389;906805-06-9;Necitumumab;L01XC22;;;;;
n;Nelarabin;nelarabine;60158CV180;33614;121032-29-9;;Nelarabin;nelarabine;60158CV180;33614;121032-29-9;nelarabine;nelarabine;60158CV180;33614;121032-29-9;Nelarabin;L01BB07;;;;;
n;nicht pegylierter Asparaginase;asparaginase;G4FQ3CKY5R;3883;9015-68-3;;Asparaginase;asparaginase;G4FQ3CKY5R;3883;9015-68-3;asparaginase;;G4FQ3CKY5R;3883;9015-68-3;Asparaginase;L01XX02;;;;;anscheinend ohne INN-Bezeichnung (ist ein Enzym)
n;Nilotinib;nilotinib;F41401512X;33795;641571-10-0;;Nilotinib;nilotinib;F41401512X;33795;641571-10-0;nilotinib;nilotinib;F41401512X;33795;641571-10-0;Nilotinib;L01XE08;;;;;
n;Niraparib;niraparib;HMC2H89N35;42165;1038915-60-4;Wirkstoff genau ungleich Wirkstoff allgemein. Dosisberechnung bezogen auf allgemeinen Wirkstoff;Niraparibtosilat 1 H<2>O;niraparib tosylate monohydrate;195Q483UZD;41651; 1613220-15-7 ;niraparib;niraparib;HMC2H89N35;42165;1038915-60-4;;L01XX54;;;;;G-SRS: NIRAPARIB TOSYLATE MONOHYDRATE, CAS-Nummer aus G-SRS, fehlt in ASK
n;Nivolumab;nivolumab;31YO63LBSN;42048;946414-94-4;;Nivolumab;nivolumab;31YO63LBSN;42048;946414-94-4;nivolumab;nivolumab;31YO63LBSN;42048;946414-94-4;Nivolumab;L01XC17;;;;;
n;Nusinersen;nusinersen;5Z9SP3X666;42677;1258984-36-9;Wirkstoff genau ungleich Wirkstoff allgemein. Dosisberechnung bezogen auf allgemeinen Wirkstoff;Nusinersen-Natrium;nusinersen sodium;4CHB7QQU1Q;43658;0-00-0;nusinersen;nusinersen;5Z9SP3X666;42677;1258984-36-9;;M09AX07;;;;;
n;Obinutuzumab;obinutuzumab;O43472U9X8;42147;949142-50-1;;Obinutuzumab;obinutuzumab;O43472U9X8;42147;949142-50-1;obinutuzumab;obinutuzumab;O43472U9X8;42147;949142-50-1;Obinutuzumab;L01XC15;;;;;
n;Ocrelizumab;ocrelizumab;A10SJL62JY;35640;637334-45-3;;Ocrelizumab;ocrelizumab;A10SJL62JY;35640;637334-45-3;ocrelizumab;ocrelizumab;A10SJL62JY;35640;637334-45-3;;L04AA36;;;;;
n;Ocriplasmin;ocriplasmin;7V6HE3DM5A;34707;1048016-09-6;;Ocriplasmin;ocriplasmin;7V6HE3DM5A;34707;1048016-09-6;ocriplasmin;ocriplasmin;7V6HE3DM5A;34707;1048016-09-6;Ocriplasmin;S01XA22;;;;;
n;Ofatumumab;ofatumumab;M95KG522R0;34793;679818-59-8;;Ofatumumab;ofatumumab;M95KG522R0;34793;679818-59-8;ofatumumab;ofatumumab;M95KG522R0;34793;679818-59-8;Ofatumumab;L01XC10;;;;;
n;Olaparib;olaparib;WOH1JD9AR8;35642;763113-22-0;;Olaparib;olaparib;WOH1JD9AR8;35642;763113-22-0;olaparib;olaparib;WOH1JD9AR8;35642;763113-22-0;Olaparib;L01XX46;;;;;
n;Olaratumab;olaratumab;TT6HN20MVF;42336;1024603-93-7;;Olaratumab;olaratumab;TT6HN20MVF;42336;1024603-93-7;olaratumab;olaratumab;TT6HN20MVF;42336;1024603-93-7;Olaratumab;L01XC27;;;;;
k;Ombitasvir-Paritaprevir-Ritonavir;ombitasvir;2302768XJ8;41507;1258226-87-7;;Ombitasvir;ombitasvir;2302768XJ8;41507;1258226-87-7;ombitasvir;ombitasvir;2302768XJ8;41507;1258226-87-7;Ombitasvir, Paritaprevir und Ritonavir;J05AP53;;;;;
n;Oxaliplatin;oxaliplatin;04ZR38536J;29849;61825-94-3;;Oxaliplatin;oxaliplatin;04ZR38536J;29849;61825-94-3;oxaliplatin;oxaliplatin;04ZR38536J;29849;61825-94-3;;L01XA03;;;;;
n;Nab-Paclitaxel oder Paclitaxel;paclitaxel;P88XT4IS4D;26509;33069-62-4;;Paclitaxel;paclitaxel;P88XT4IS4D;26509;33069-62-4;paclitaxel;paclitaxel;P88XT4IS4D;26509;33069-62-4;Paclitaxel;L01CD01;;;;;"Aus Zulassungsunterlagen: ""...Composition: paclitaxel formulated as albumin bound nanoparticles. "" proteingebundenes Paclitaxel (Nanopartikel-Albumin-gebundenes Paclitaxel oder Nab-Paclitaxel): nicht als separete Substanz gefunden"
n;Palbociclib;palbociclib;G9ZF61LE7G;37539;571190-30-2;;Palbociclib;palbociclib;G9ZF61LE7G;37539;571190-30-2;palbociclib;palbociclib;G9ZF61LE7G;37539;571190-30-2;Palbociclib;L01XE33;;;;;
n;Palifermin;palifermin;QMS40680K6;33060;162394-19-6;;Palifermin;palifermin;QMS40680K6;33060;162394-19-6;palifermin;palifermin;QMS40680K6;33060;162394-19-6;Palifermin;V03AF08;;;;;
n;Paliperidon;paliperidone;838F01T721;30068;144598-75-4;;Paliperidon;paliperidone;838F01T721;30068;144598-75-4;paliperidone;paliperidone;838F01T721;30068;144598-75-4;Paliperidon;N05AX13;;;;;
n;Palivizumab;palivizumab;DQ448MW7KS;30681;188039-54-5;;Palivizumab;palivizumab;DQ448MW7KS;30681;188039-54-5;palivizumab;palivizumab;DQ448MW7KS;30681;188039-54-5;Palivizumab;J06BB16;;;;;
n;Panitumumab;panitumumab;6A901E312A;33622;339177-26-3;;Panitumumab;panitumumab;6A901E312A;33622;339177-26-3;panitumumab;panitumumab;6A901E312A;33622;339177-26-3;Panitumumab;L01XC08;;;;;
n;Panobinostat;panobinostat;9647FM7Y3Z;33049;404950-80-7;;Panobinostat;panobinostat;9647FM7Y3Z;33049;404950-80-7;panobinostat;panobinostat;9647FM7Y3Z;33049;404950-80-7;Panobinostat;L01XX42;;;;;
k;Paritaprevir;paritaprevir;OU2YM37K86;41505;1216941-48-8;;;paritaprevir;OU2YM37K86;41505;1216941-48-8;paritaprevir;paritaprevir;OU2YM37K86;41505;1216941-48-8;;;;;;;
n;Pazopanib;pazopanib;7RN5DR86CK;35646;444731-52-6;;Pazopanib;pazopanib;7RN5DR86CK;35646;444731-52-6;pazopanib;pazopanib;7RN5DR86CK;35646;444731-52-6;Pazopanib;L01XE11;;;;;
n;Pegaptanib;pegaptanib;2H1PA8H1EN;32866;;;Pegaptanib;pegaptanib;2H1PA8H1EN;32866;;pegaptanib;pegaptanib;2H1PA8H1EN;32866;;Pegaptanib;S01LA03;;;;;keine CAS-Nummer, weder in G-SRS noch in ASK-Liste (ist Nukleinsäure, nucleid acid)
n;pegylierter Asparaginase;pegaspargase;7D96IR0PPM;24060;130167-69-0;;Pegaspargase;pegaspargase;7D96IR0PPM;24060;130167-69-0;pegaspargase;pegaspargase;7D96IR0PPM;24060;130167-69-0;Pegaspargase;L01XX24;;;;;Forced UNII
n;Pegfilgrastim;pegfilgrastim;3A58010674;31894;208265-92-3;;Pegfilgrastim;pegfilgrastim;3A58010674;31894;208265-92-3;pegfilgrastim;pegfilgrastim;3A58010674;31894;208265-92-3;Pegfilgrastim;L03AA13;;;;;
n;Pembrolizumab;pembrolizumab;DPT0O3T46P;42392;1374853-91-4;;Pembrolizumab;pembrolizumab;DPT0O3T46P;42392;1374853-91-4;pembrolizumab;pembrolizumab;DPT0O3T46P;42392;1374853-91-4;Pembrolizumab;L01XC18;;;;;im G-SRS mit 2 CAS-Nummern
n;Pemetrexed;pemetrexed;04Q9AIZ7NO;27554;137281-23-3;;Pemetrexed;pemetrexed;04Q9AIZ7NO;27554;137281-23-3;pemetrexed;pemetrexed;04Q9AIZ7NO;27554;137281-23-3;Pemetrexed;L01BA04;;;;;
n;Pertuzumab;pertuzumab;K16AIQ8CTM;33466;380610-27-5;;Pertuzumab;pertuzumab;K16AIQ8CTM;33466;380610-27-5;pertuzumab;pertuzumab;K16AIQ8CTM;33466;380610-27-5;Pertuzumab;L01XC13;;;;;
k;Pibrentasvir;pibrentasvir;2WU922TK3L;43170;1353900-92-1;;;pibrentasvir;2WU922TK3L;43170;1353900-92-1;pibrentasvir;pibrentasvir;2WU922TK3L;43170;1353900-92-1;;;;;;;
n;Pixantron;pixantrone;F5SXN2KNMR;29042;144510-96-3;;Pixantron;pixantrone;F5SXN2KNMR;29042;144510-96-3;pixantrone;pixantrone;F5SXN2KNMR;29042;144510-96-3;Pixantron;L01DB11;;;;;
n;Plerixafor;plerixafor;S915P5499N;27284;110078-46-1;;Plerixafor;plerixafor;S915P5499N;27284;110078-46-1;plerixafor;plerixafor;S915P5499N;27284;110078-46-1;Plerixafor;L03AX16;;;;;
n;Pomalidomid;pomalidomide;D2UX06XLB5;36540;19171-19-8;;Pomalidomid;pomalidomide;D2UX06XLB5;36540;19171-19-8;pomalidomide;pomalidomide;D2UX06XLB5;36540;19171-19-8;Pomalidomid;L04AX06;;;;;
n;Ponatinib;ponatinib;4340891KFS;42003;943319-70-8;;Ponatinib;ponatinib;4340891KFS;42003;943319-70-8;ponatinib;ponatinib;4340891KFS;42003;943319-70-8;Ponatinib;L01XE24;;;;;
n;Posaconazol;posaconazole;6TK1G07BHZ;29576;171228-49-2;;Posaconazol;posaconazole;6TK1G07BHZ;29576;171228-49-2;posaconazole;posaconazole;6TK1G07BHZ;29576;171228-49-2;Posaconazol;J02AC04;;;;;
n;Ramucirumab;ramucirumab;D99YVK4L0X;37396;947687-13-0;;Ramucirumab;ramucirumab;D99YVK4L0X;37396;947687-13-0;ramucirumab;ramucirumab;D99YVK4L0X;37396;947687-13-0;Ramucirumab;L01XC21;;;;;
n;Ranibizumab;ranibizumab;ZL1R02VT79;33849;347396-82-1;;Ranibizumab;ranibizumab;ZL1R02VT79;33849;347396-82-1;ranibizumab;ranibizumab;ZL1R02VT79;33849;347396-82-1;Ranibizumab;S01LA04;;;;;
n;Rasburicase;rasburicase;08GY9K1EUO;29850;134774-45-1;;Rasburicase;rasburicase;08GY9K1EUO;29850;134774-45-1;rasburicase;rasburicase;08GY9K1EUO;29850;134774-45-1;Rasburicase;V03AF07;;;;;
n;Regorafenib;regorafenib;24T2A1DOYB;34453;755037-03-7;;Regorafenib;regorafenib;24T2A1DOYB;34453;755037-03-7;regorafenib;regorafenib;24T2A1DOYB;34453;755037-03-7;Regorafenib;L01XE21;;;;;
n;Ribociclib;ribociclib;TK8ERE8P56;41432;1211441-98-3;Wirkstoff genau ungleich Wirkstoff allgemein. Dosisberechnung bezogen auf allgemeinen Wirkstoff;Ribociclibsuccinat;ribociclib succinate;BG7HLX2919;41433;1374639-75-4;ribociclib;ribociclib;TK8ERE8P56;41432;1211441-98-3;;L01XE42;;;;;
n;Riociguat;riociguat;RU3FE2Y4XI;34028;625115-55-1;;Riociguat;riociguat;RU3FE2Y4XI;34028;625115-55-1;riociguat;riociguat;RU3FE2Y4XI;34028;625115-55-1;Riociguat;C02KX05;;;;;
n;Rituximab;rituximab;4F4X42SYQ6;29520;174722-31-7;;Rituximab;rituximab;4F4X42SYQ6;29520;174722-31-7;rituximab;rituximab;4F4X42SYQ6;29520;174722-31-7;Rituximab;L01XC02;;;;;Forced UNII
n;Romiplostim;romiplostim;GN5XU2DXKV;36172;267639-76-9;;Romiplostim;romiplostim;GN5XU2DXKV;36172;267639-76-9;romiplostim;romiplostim;GN5XU2DXKV;36172;267639-76-9;Romiplostim;B02BX04;;;;;
n;Ruxolitinib;ruxolitinib;82S8X8XX8H;39174;941678-49-5;;Ruxolitinib;ruxolitinib;82S8X8XX8H;39174;941678-49-5;ruxolitinib;ruxolitinib;82S8X8XX8H;39174;941678-49-5;Ruxolitinib;L01XE18;;;;;
n;Sargramostim;sargramostim;5TAA004E22;26697;123774-72-1;;Sargramostim;sargramostim;5TAA004E22;26697;123774-72-1;sargramostim;sargramostim;5TAA004E22;26697;123774-72-1;Sargramostim;L03AA09;;;;;
n;Secukinumab;secukinumab;DLG4EML025;39957;1229022-83-6;;Secukinumab;secukinumab;DLG4EML025;39957;1229022-83-6;secukinumab;secukinumab;DLG4EML025;39957;1229022-83-6;Secukinumab;L04AC10;;;;;im G-SRS mit zwie CAS-Nummern
n;Selexipag;selexipag;5EXC0E384L;36977;475086-01-2;;Selexipag;selexipag;5EXC0E384L;36977;475086-01-2;selexipag;selexipag;5EXC0E384L;36977;475086-01-2;Selexipag;B01AC27;C02KX09;;;;
n;Siltuximab;siltuximab;T4H8FMA7IM;37401;541502-14-1;;Siltuximab;siltuximab;T4H8FMA7IM;37401;541502-14-1;siltuximab;siltuximab;T4H8FMA7IM;37401;541502-14-1;Siltuximab;L04AC11;;;;;
n;Simeprevir;simeprevir;9WS5RD66HZ;36804;923604-59-5;;Simeprevir;simeprevir;9WS5RD66HZ;36804;923604-59-5;simeprevir;simeprevir;9WS5RD66HZ;36804;923604-59-5;Simeprevir;J05AP05;;;;;Im G-SRS mit zwei CAS-Nummern. Die CAS-Nummer aus der ASK-Liste, 923604-59-5, ist imG-SRS die Primary.
n;Sitaxentan;sitaxentan;J9QH779MEM;33380;184036-34-8;Wirkstoff genau ungleich Wirkstoff allgemein. Bezug Dosisberechnung unbekannt da nicht mehr im Handel. Vorschlag Bezug auf allgemeinen Wirkstoff.;Sitaxentan-Natrium;sitaxentan sodium;6V9JH46E20;33381;210421-74-2;sitaxentan;sitaxentan;J9QH779MEM;33380;184036-34-8;;C02KX03;;;;;
beides;Sofosbuvir;sofosbuvir;WJ6CA3ZU8B;41342;1190307-88-0;;Sofosbuvir;sofosbuvir;WJ6CA3ZU8B;41342;1190307-88-0;sofosbuvir;sofosbuvir;WJ6CA3ZU8B;41342;1190307-88-0;Sofosbuvir;J05AP08;;;;;
n;Sorafenib;sorafenib;9ZOQ3TZI87;31169;284461-73-0;;Sorafenib;sorafenib;9ZOQ3TZI87;31169;284461-73-0;sorafenib;sorafenib;9ZOQ3TZI87;31169;284461-73-0;Sorafenib;L01XE05;;;;;
n;Sunitinib;sunitinib;V99T50803M;31615;557795-19-4;;Sunitinib;sunitinib;V99T50803M;31615;557795-19-4;sunitinib;sunitinib;V99T50803M;31615;557795-19-4;Sunitinib;L01XE04;;;;;
n;Tafamidis;tafamidis;8FG9H9D31J;36542;594839-88-0;;Tafamidis;tafamidis;8FG9H9D31J;36542;594839-88-0;tafamidis;tafamidis;8FG9H9D31J;36542;594839-88-0;Tafamidis;N07XX08;;;;;
n;Teduglutid;teduglutide;7M19191IKG;33852;287714-30-1;;Teduglutid;teduglutide;7M19191IKG;33852;287714-30-1;teduglutide;teduglutide;7M19191IKG;33852;287714-30-1;Teduglutid;A16AX08;;;;;im G-SGS andere CAS-Nummer:  197922-42-2, diese ist in der Ask-Liste auch zusätzlich aufgeführt, aber als erste CAS-Nummer steht: 287714-30-1
n;Telaprevir;telaprevir;655M5O3W0U;34153;402957-28-2;;Telaprevir;telaprevir;655M5O3W0U;34153;402957-28-2;telaprevir;telaprevir;655M5O3W0U;34153;402957-28-2;Telaprevir;J05AP02;;;;;
n;Temozolomid;temozolomide;YF1K15M17Y;28008;85622-93-1;;Temozolomid;temozolomide;YF1K15M17Y;28008;85622-93-1;temozolomide;temozolomide;YF1K15M17Y;28008;85622-93-1;Temozolomid;L01AX03;;;;;
n;Temsirolimus;temsirolimus;624KN6GM2T;30547;162635-04-3;;Temsirolimus;temsirolimus;624KN6GM2T;30547;162635-04-3;temsirolimus;temsirolimus;624KN6GM2T;30547;162635-04-3;Temsirolimus;L01XE09;;;;;
n;Thiotepa;thiotepa;905Z5W3GKH;7962;52-24-4;;Thiotepa;thiotepa;905Z5W3GKH;7962;52-24-4;thiotepa;thiotepa;905Z5W3GKH;7962;52-24-4;Thiotepa;L01AC01;;;;;
k;Tipiracil;tipiracil;NGO10K751P;41371;183204-74-2;Wirkstoff genau ungleich Wirkstoff allgemein. Dosisberechnung bezogen auf allgemeinen Wirkstoff;Tipiracil hydrochloride;tipiracil hydrochloride;4H59KLQ0A4;41372;183204-72-0;tipiracil;tipiracil;NGO10K751P;41371;183204-74-2;;;;;;;
n;Tirofiban;tirofiban;GGX234SI5H;27033;144494-65-5;;Tirofiban;tirofiban;GGX234SI5H;27033;144494-65-5;tirofiban;tirofiban;GGX234SI5H;27033;144494-65-5;Tirofiban;B01AC17;;;;;
n;Tivozanib;tivozanib;172030934T;37444;475108-18-0;Wirkstoff genau ungleich Wirkstoff allgemein. Dosisberechnung bezogen auf allgemeinen Wirkstoff;Tivozanibhydrochlorid-Monohydrat;tivozanib hydrochloride monohydrate;8A9H4VK35Z;37446;682745-41-1;tivozanib;tivozanib;172030934T;37444;475108-18-0;;L01XE34;;;;;Substanz unklar: Laut AMIS:  Tivozanibhydrochlorid ,  ASK: 37445, CAS:682745-43-3, laut Fachinfo: Tivozanib als Hydrochloridmonohydrat, ASK: 37446, CAS:682745-41-1, gleiche UNII: 8A9H4VK35Z 
n;Tocilizumab;tocilizumab;I031V2H011;33853;375823-41-9;;Tocilizumab;tocilizumab;I031V2H011;33853;375823-41-9;tocilizumab;tocilizumab;I031V2H011;33853;375823-41-9;Tocilizumab;L04AC07;;;;;
n;Topotecan;topotecan;7M7YKX2N15;26985;123948-87-8;;Topotecan;topotecan;7M7YKX2N15;26985;123948-87-8;topotecan;topotecan;7M7YKX2N15;26985;123948-87-8;Topotecan;L01XX17;;;;;
n;Trabectedin;trabectedin;ID0YZQ2TCP;31287;114899-77-3;;Trabectedin;trabectedin;ID0YZQ2TCP;31287;114899-77-3;trabectedin;trabectedin;ID0YZQ2TCP;31287;114899-77-3;Trabectedin;L01CX01;;;;;
n;Trametinib;trametinib;33E86K87QN;41417;871700-17-3;;Trametinib;trametinib;33E86K87QN;41417;871700-17-3;trametinib;trametinib;33E86K87QN;41417;871700-17-3;Trametinib;L01XE25;;;;;
n;Trastuzumab;trastuzumab;P188ANX8CK;30712;180288-69-1;;Trastuzumab;trastuzumab;P188ANX8CK;30712;180288-69-1;trastuzumab;trastuzumab;P188ANX8CK;30712;180288-69-1;Trastuzumab;L01XC03;;;;;
n;Trastuzumab-Emtansin;trastuzumab emtansine;SE2KH7T06F;41700;1018448-65-1;;Trastuzumab-Emtansin;trastuzumab emtansine;SE2KH7T06F;41700;1018448-65-1;trastuzumab emtansine;trastuzumab emtansine;SE2KH7T06F;41700;1018448-65-1;Trastuzumab emtansin;L01XC14;;;;;INN englisch: trastuzumab emtansine, deutsch: Trastuzumab Emtansin, Bezeichnung in der UNII-Liste: ADO-TRASTUZUMAB EMTANSINE
n;Treprostinil;treprostinil;RUM6K67ESG;32856;81846-19-7;;Treprostinil;treprostinil;RUM6K67ESG;32856;81846-19-7;treprostinil;treprostinil;RUM6K67ESG;32856;81846-19-7;Treprostinil;B01AC21;;;;;
k;Trifluridin-Tipiracil;trifluridine;RMW9V5RW38;12321;70-00-8;;Trifluridin;trifluridine;RMW9V5RW38;12321;70-00-8;trifluridine;trifluridine;RMW9V5RW38;12321;70-00-8;Trifluridin, Kombinationen;L01BC59;;;;;gemäss Zulassungsunterlagen: active substance:     trifluridine,  tipiracil hydrochloride,  INN: trifluridine / tipiracil
n;Ustekinumab;ustekinumab;FU77B4U5Z0;37356;815610-63-0;;Ustekinumab;ustekinumab;FU77B4U5Z0;37356;815610-63-0;ustekinumab;ustekinumab;FU77B4U5Z0;37356;815610-63-0;Ustekinumab;L04AC05;;;;;
n;Vandetanib;vandetanib;YO460OQ37K;33619;443913-73-3;;Vandetanib;vandetanib;YO460OQ37K;33619;443913-73-3;vandetanib;vandetanib;YO460OQ37K;33619;443913-73-3;Vandetanib;L01XE12;;;;;
n;Vedolizumab;vedolizumab;9RV78Q2002;37407;943609-66-3;;Vedolizumab;vedolizumab;9RV78Q2002;37407;943609-66-3;vedolizumab;vedolizumab;9RV78Q2002;37407;943609-66-3;Vedolizumab;L04AA33;;;;;
k;Velpatasvir;velpatasvir;KCU0C7RS7Z;41393;1377049-84-7;;Velpatasvir;velpatasvir;KCU0C7RS7Z;41393;1377049-84-7;velpatasvir;velpatasvir;KCU0C7RS7Z;41393;1377049-84-7;;;;;;;
n;Vemurafenib;vemurafenib;207SMY3FQT;39583;918504-65-1;;Vemurafenib;vemurafenib;207SMY3FQT;39583;918504-65-1;vemurafenib;vemurafenib;207SMY3FQT;39583;918504-65-1;Vemurafenib;L01XE15;;;;;
n;Venetoclax;venetoclax;N54AIC43PW;41160;1257044-40-8;;Venetoclax;venetoclax;N54AIC43PW;41160;1257044-40-8;venetoclax;venetoclax;N54AIC43PW;41160;1257044-40-8;;L01XX52;;;;;
n;Vinflunin;vinflunine;5BF646324K;31611;162652-95-1;;Vinflunin;vinflunine;5BF646324K;31611;162652-95-1;vinflunine;vinflunine;5BF646324K;31611;162652-95-1;Vinflunin;L01CA05;;;;;
n;Voriconazol;voriconazole;JFU09I87TR;26980;137234-62-9;;Voriconazol;voriconazole;JFU09I87TR;26980;137234-62-9;voriconazole;voriconazole;JFU09I87TR;26980;137234-62-9;Voriconazol;J02AC03;;;;;
n;Vorinostat;vorinostat;58IFB293JI;34478;149647-78-9;;Vorinostat;vorinostat;58IFB293JI;34478;149647-78-9;vorinostat;vorinostat;58IFB293JI;34478;149647-78-9;Vorinostat;L01XX38;;;;;
k;Voxilaprevir;voxilaprevir;0570F37359;43216;1535212-07-7;;Voxilaprevir;voxilaprevir;0570F37359;43216;1535212-07-7;voxilaprevir;voxilaprevir;0570F37359;43216;1535212-07-7;;;;;;;
n;Hämin;hemin;743LRP9S7N;23731;16009-13-5;;Hämin;hemin;743LRP9S7N;23731;16009-13-5;hemin;;743LRP9S7N;23731;16009-13-5;;;;;;;
n;Arsentrioxid;arsenic trioxide;S7V92P67HO;38;1327-53-3;;Arsentrioxid;arsenic trioxide;S7V92P67HO;38;1327-53-3;arsenic trioxide;;S7V92P67HO;38;1327-53-3;Arsentrioxid;L01XX27;;;;;
n;Cholsäure;cholic acid;G1JO7801AE;1157;81-25-4;;Cholsäure;cholic acid;G1JO7801AE;1157;81-25-4;cholic acid;;G1JO7801AE;1157;81-25-4;Cholsäure;A05AA03;;;;;
k;Ritonavir;ritonavir;O3J8G9O825;27083;155213-67-5;;Ritonavir;ritonavir;O3J8G9O825;27083;155213-67-5;ritonavir;ritonavir;O3J8G9O825;27083;155213-67-5;;;;;;;
n;Abemaciclib;abemaciclib;60UAB198HK;41207;1231929-97-7;;Abemaciclib;abemaciclib;60UAB198HK;41207;1231929-97-7;abemaciclib;abemaciclib;60UAB198HK;41207;1231929-97-7;;L01XE50;;;;;
n;Bezlotoxumab;bezlotoxumab;4H5YMK1H2E;42013;1246264-45-8;;Bezlotoxumab;bezlotoxumab;4H5YMK1H2E;42013;1246264-45-8;bezlotoxumab;bezlotoxumab;4H5YMK1H2E;42013;1246264-45-8;;J06BB21;;;;;
n;Binimetinib;binimetinib;181R97MR71;41239;606143-89-9;;Binimetinib;binimetinib;181R97MR71;41239;606143-89-9;binimetinib;binimetinib;181R97MR71;41239;606143-89-9;;L01XE41;;;;;
n;Brigatinib;brigatinib;HYW8DB273J;41835;1197953-54-0;;Brigatinib;brigatinib;HYW8DB273J;41835;1197953-54-0;brigatinib;brigatinib;HYW8DB273J;41835;1197953-54-0;;L01XE43;;;;;
n;Burosumab;burosumab;G9WJT6RD29;38635;1610833-03-8;;Burosumab;burosumab;G9WJT6RD29;38635;1610833-03-8;burosumab;burosumab;G9WJT6RD29;38635;1610833-03-8;;M05BX05;;;;;
n;Caplacizumab;caplacizumab;2R27AB6766;42156;915810-67-2;;Caplacizumab;caplacizumab;2R27AB6766;42156;915810-67-2;caplacizumab;caplacizumab;2R27AB6766;42156;915810-67-2;;B01AX07;;;;;
k;Daunorubicin   (in: liposomalem Cytarabin-Daunorubicin);daunorubicin;ZS7284E0ZP;7162;20830-81-3;im Kombiprodukt;Daunorubicinhydrochlorid;daunorubicin hydrochloride;UD984I04LZ;7163;23541-50-6;daunorubicin;daunorubicin;ZS7284E0ZP;7162;20830-81-3;;;;;;;
n;Durvalumab;durvalumab;28X28X9OKV;42652;1428935-60-7;;Durvalumab;durvalumab;28X28X9OKV;42652;1428935-60-7;durvalumab;durvalumab;28X28X9OKV;42652;1428935-60-7;;L01XC28;;;;;
n;Emicizumab;emicizumab;7NL2E3F6K3;42723;1610943-06-0;;Emicizumab;emicizumab;7NL2E3F6K3;42723;1610943-06-0;emicizumab;emicizumab;7NL2E3F6K3;42723;1610943-06-0;;B02BX06;;;;;
n;Encorafenib;encorafenib;8L7891MRB6;41275;1269440-17-6;;Encorafenib;encorafenib;8L7891MRB6;41275;1269440-17-6;encorafenib;encorafenib;8L7891MRB6;41275;1269440-17-6;;L01XE46;;;;;
n;Inotersen;inotersen;0IEO0F56LV;41484;1492984-65-2;;Inotersen-Natrium;inotersen sodium;950736UC77;41485;1432726-13-0;inotersen;inotersen;0IEO0F56LV;41484;1492984-65-2;;N07XX15;;;;;
n;Letermovir;letermovir;1H09Y5WO1F;34848;917389-32-3;;Letermovir;letermovir;1H09Y5WO1F;34848;917389-32-3;letermovir;letermovir;1H09Y5WO1F;34848;917389-32-3;;J05AX18;;;;;
n;Metreleptin;metreleptin;TL60C27RLH;43567;186018-45-1;;Metreleptin;metreleptin;TL60C27RLH;43567;186018-45-1;metreleptin;metreleptin;TL60C27RLH;43567;186018-45-1;;A16AA07;;;;;
n;Osimertinib;osimertinib;3C06JJ0Z2O;41452;1421373-65-0;;Osimertinibmesilat;osimertinib mesylate;RDL94R2A16;41453;1421373-66-1   ;osimertinib;osimertinib;3C06JJ0Z2O;41452;1421373-65-0;;L01XE35;;;;;
n;Patisiran;patisiran;50FKX8CB2Y;41186;1420706-45-1;;Patisiran-Natrium;patisiran sodium;WO0YM16LKG;41187;1386913-72-9;patisiran;patisiran;50FKX8CB2Y;41186;1420706-45-1;;N07XX12;;;;;ASK-Nr. noch nicht gefunden (alte Liste)
n;Streptozocin;streptozocin;5W494URQ81;23114;18883-66-4;;Streptozocin;streptozocin;5W494URQ81;23114;18883-66-4;streptozocin;streptozocin;5W494URQ81;23114;18883-66-4;;L01AD04;;;;;
n;Talimogen Laherparepvec;talimogene laherparepvec;07730V90L6;42298;1187560-31-1;;Talimogene Laherparepvec;talimogene laherparepvec;07730V90L6;42298;1187560-31-1;talimogene laherparepvec;talimogene laherparepvec;07730V90L6;42298;1187560-31-1;;L01XX51;;;;;
k;Tezacaftor;tezacaftor;8RW88Y506K;43204;1152311-62-0;im Kombiprodukt;Tezacaftor;tezacaftor;8RW88Y506K;43204;1152311-62-0;tezacaftor;tezacaftor;8RW88Y506K;43204;1152311-62-0;;;;;;;
n;Tildrakizumab;tildrakizumab;DEW6X41BEK;42141;1326244-10-3;;Tildrakizumab;tildrakizumab;DEW6X41BEK;42141;1326244-10-3;tildrakizumab;tildrakizumab;DEW6X41BEK;42141;1326244-10-3;;L04AC17;;;;;
n;Trientin;trientine;SJ76Y07H5F;28588;112-24-3;Es gibt zwei genaue Substanzen! Trientindihydrochlorid 28589    38260-01-4  UND   Trientintetrahydrochlorid  43657  4961-40-4;Trientindihydrochlorid;trientin hydrochloride;HC3NX54582;28589; 38260-01-4;trientine;trientine;SJ76Y07H5F;28588;112-24-3;;A16AX12;;;;;
n;Voretigen Neparvovec;voretigene neparvovec;2SPI046IKD;38649;1646819-03-5;;Voretigene Neparvovec;voretigene neparvovec;2SPI046IKD;38649;1646819-03-5;voretigene neparvovec;voretigene neparvovec;2SPI046IKD;38649;1646819-03-5;;S01XA27;;;;;Der ATC-Code steht noch nicht in der deutschen Wido-Liste, S01XA27 ist der WHO-Code  (WHO Last updated: 2019-12-16)
